image,writer
BRN3C2AF4AEB56C_0000000016.tif,0
BRN3C2AF4AEB56C_0000000017.tif,0
BRN3C2AF4AEB56C_0000000018.tif,0
BRN3C2AF4AEB56C_0000000019.tif,0
BRN3C2AF4AEB56C_0000000020.tif,0
BRN3C2AF4AEB56C_0000000021.tif,0
BRN3C2AF4AEB56C_0000000022.tif,0
BRN3C2AF4AEB56C_0000000023.tif,0
BRN3C2AF4AEB56C_0000000024.tif,0
BRN3C2AF4AEB56C_0000000025.tif,0
BRN3C2AF4AEB56C_0000000026.tif,0
BRN3C2AF4AEB56C_0000000027.tif,0
BRN3C2AF4AEB56C_0000000388.tif,1
BRN3C2AF4AEB56C_0000000389.tif,1
BRN3C2AF4AEB56C_0000000406.tif,10
BRN3C2AF4AEB56C_0000000407.tif,10
BRN3C2AF4AEB56C_0000000460.tif,10
BRN3C2AF4AEB56C_0000000461.tif,10
BRN3C2AF4AEB56C_0000000559.tif,10
BRN3C2AF4AEB56C_0000000560.tif,10
BRN3C2AF4AEB56C_0000000561.tif,10
BRN3C2AF4AEB56C_0000000562.tif,10
BRN3C2AF4AEB56C_0000000713.tif,100
BRN3C2AF4AEB56C_0000000719.tif,100
BRN3C2AF4AEB56C_0000000802.tif,100
BRN3C2AF4AEB56C_0000001044.tif,101
BRN3C2AF4AEB56C_0000000714.tif,102
BRN3C2AF4AEB56C_0000000892.tif,103
BRN3C2AF4AEB56C_0000000716.tif,104
BRN3C2AF4AEB56C_0000000825.tif,104
BRN3C2AF4AEB56C_0000000830.tif,104
BRN3C2AF4AEB56C_0000000733.tif,105
BRN3C2AF4AEB56C_0000000762.tif,105
BRN3C2AF4AEB56C_0000000761.tif,106
BRN3C2AF4AEB56C_0000000829.tif,107
BRN3C2AF4AEB56C_0000000904.tif,108
BRN3C2AF4AEB56C_0000000994.tif,108
BRN3C2AF4AEB56C_0000000907.tif,109
BRN3C2AF4AEB56C_0000001033.tif,11
BRN3C2AF4AEB56C_0000000908.tif,110
BRN3C2AF4AEB56C_0000000913.tif,111
BRN3C2AF4AEB56C_0000000419.tif,112
BRN3C2AF4AEB56C_0000001142.tif,113
BRN3C2AF4AEB56C_0000000915.tif,114
BRN3C2AF4AEB56C_0000000918.tif,115
BRN3C2AF4AEB56C_0000000452.tif,116
BRN3C2AF4AEB56C_0000000921.tif,117
BRN3C2AF4AEB56C_0000000947.tif,118
BRN3C2AF4AEB56C_0000000981.tif,119
BRN3C2AF4AEB56C_0000000490.tif,12
BRN3C2AF4AEB56C_0000000491.tif,12
BRN3C2AF4AEB56C_0000000492.tif,12
BRN3C2AF4AEB56C_0000000493.tif,12
BRN3C2AF4AEB56C_0000000494.tif,12
BRN3C2AF4AEB56C_0000000495.tif,12
BRN3C2AF4AEB56C_0000000496.tif,12
BRN3C2AF4AEB56C_0000000497.tif,12
BRN3C2AF4AEB56C_0000000993.tif,120
BRN3C2AF4AEB56C_0000000998.tif,121
BRN3C2AF4AEB56C_0000001013.tif,122
BRN3C2AF4AEB56C_0000001016.tif,123
BRN3C2AF4AEB56C_0000001058.tif,124
BRN3C2AF4AEB56C_0000001025.tif,125
BRN3C2AF4AEB56C_0000001031.tif,126
BRN3C2AF4AEB56C_0000001151.tif,127
BRN3C2AF4AEB56C_0000001164.tif,128
BRN3C2AF4AEB56C_0000001173.tif,129
BRN3C2AF4AEB56C_0000000895.tif,13
BRN3C2AF4AEB56C_0000000673.tif,130
BRN3C2AF4AEB56C_0000000705.tif,131
BRN3C2AF4AEB56C_0000000706.tif,131
BRN3C2AF4AEB56C_0000000752.tif,131
BRN3C2AF4AEB56C_0000000753.tif,131
BRN3C2AF4AEB56C_0000000856.tif,132
BRN3C2AF4AEB56C_0000000470.tif,133
BRN3C2AF4AEB56C_0000000471.tif,133
BRN3C2AF4AEB56C_0000000472.tif,133
BRN3C2AF4AEB56C_0000000473.tif,133
BRN3C2AF4AEB56C_0000000876.tif,134
BRN3C2AF4AEB56C_0000001062.tif,135
BRN3C2AF4AEB56C_0000000883.tif,136
BRN3C2AF4AEB56C_0000000885.tif,137
BRN3C2AF4AEB56C_0000000898.tif,138
BRN3C2AF4AEB56C_0000000978.tif,139
BRN3C2AF4AEB56C_0000000408.tif,14
BRN3C2AF4AEB56C_0000000409.tif,14
BRN3C2AF4AEB56C_0000000410.tif,14
BRN3C2AF4AEB56C_0000000411.tif,14
BRN3C2AF4AEB56C_0000000412.tif,14
BRN3C2AF4AEB56C_0000000413.tif,14
BRN3C2AF4AEB56C_0000000414.tif,14
BRN3C2AF4AEB56C_0000000415.tif,14
BRN3C2AF4AEB56C_0000000528.tif,14
BRN3C2AF4AEB56C_0000000530.tif,14
BRN3C2AF4AEB56C_0000000533.tif,14
BRN3C2AF4AEB56C_0000000534.tif,14
BRN3C2AF4AEB56C_0000000536.tif,14
BRN3C2AF4AEB56C_0000000539.tif,14
BRN3C2AF4AEB56C_0000001030.tif,140
BRN3C2AF4AEB56C_0000001091.tif,141
BRN3C2AF4AEB56C_0000001098.tif,142
BRN3C2AF4AEB56C_0000001105.tif,143
BRN3C2AF4AEB56C_0000001133.tif,144
BRN3C2AF4AEB56C_0000000554.tif,145
BRN3C2AF4AEB56C_0000000443.tif,146
BRN3C2AF4AEB56C_0000000577.tif,146
BRN3C2AF4AEB56C_0000000578.tif,146
BRN3C2AF4AEB56C_0000000579.tif,146
BRN3C2AF4AEB56C_0000000580.tif,146
BRN3C2AF4AEB56C_0000000581.tif,146
BRN3C2AF4AEB56C_0000001134.tif,147
BRN3C2AF4AEB56C_0000001141.tif,148
BRN3C2AF4AEB56C_0000001143.tif,149
BRN3C2AF4AEB56C_0000000919.tif,15
BRN3C2AF4AEB56C_0000000735.tif,150
BRN3C2AF4AEB56C_0000000877.tif,151
BRN3C2AF4AEB56C_0000000879.tif,152
BRN3C2AF4AEB56C_0000001116.tif,152
BRN3C2AF4AEB56C_0000000924.tif,153
BRN3C2AF4AEB56C_0000000517.tif,154
BRN3C2AF4AEB56C_0000000521.tif,154
BRN3C2AF4AEB56C_0000000927.tif,155
BRN3C2AF4AEB56C_0000000928.tif,156
BRN3C2AF4AEB56C_0000001063.tif,157
BRN3C2AF4AEB56C_0000000930.tif,158
BRN3C2AF4AEB56C_0000000931.tif,159
BRN3C2AF4AEB56C_0000001010.tif,16
BRN3C2AF4AEB56C_0000000933.tif,160
BRN3C2AF4AEB56C_0000000937.tif,161
BRN3C2AF4AEB56C_0000000938.tif,162
BRN3C2AF4AEB56C_0000001035.tif,163
BRN3C2AF4AEB56C_0000001046.tif,164
BRN3C2AF4AEB56C_0000000644.tif,165
BRN3C2AF4AEB56C_0000000645.tif,165
BRN3C2AF4AEB56C_0000000647.tif,165
BRN3C2AF4AEB56C_0000000648.tif,165
BRN3C2AF4AEB56C_0000000649.tif,165
BRN3C2AF4AEB56C_0000000650.tif,165
BRN3C2AF4AEB56C_0000000655.tif,165
BRN3C2AF4AEB56C_0000000657.tif,165
BRN3C2AF4AEB56C_0000000663.tif,165
BRN3C2AF4AEB56C_0000000668.tif,165
BRN3C2AF4AEB56C_0000000669.tif,165
BRN3C2AF4AEB56C_0000000670.tif,165
BRN3C2AF4AEB56C_0000000679.tif,165
BRN3C2AF4AEB56C_0000000680.tif,165
BRN3C2AF4AEB56C_0000000682.tif,165
BRN3C2AF4AEB56C_0000000683.tif,165
BRN3C2AF4AEB56C_0000000685.tif,165
BRN3C2AF4AEB56C_0000000687.tif,165
BRN3C2AF4AEB56C_0000000799.tif,165
BRN3C2AF4AEB56C_0000000853.tif,165
BRN3C2AF4AEB56C_0000001047.tif,166
BRN3C2AF4AEB56C_0000001050.tif,167
BRN3C2AF4AEB56C_0000000926.tif,168
BRN3C2AF4AEB56C_0000001052.tif,169
BRN3C2AF4AEB56C_0000001011.tif,17
BRN3C2AF4AEB56C_0000001054.tif,170
BRN3C2AF4AEB56C_0000001057.tif,171
BRN3C2AF4AEB56C_0000001069.tif,172
BRN3C2AF4AEB56C_0000001071.tif,173
BRN3C2AF4AEB56C_0000001080.tif,174
BRN3C2AF4AEB56C_0000001121.tif,175
BRN3C2AF4AEB56C_0000001125.tif,176
BRN3C2AF4AEB56C_0000000652.tif,177
BRN3C2AF4AEB56C_0000001127.tif,178
BRN3C2AF4AEB56C_0000000965.tif,179
BRN3C2AF4AEB56C_0000001021.tif,18
BRN3C2AF4AEB56C_0000000903.tif,180
BRN3C2AF4AEB56C_0000000943.tif,181
BRN3C2AF4AEB56C_0000001118.tif,182
BRN3C2AF4AEB56C_0000000944.tif,183
BRN3C2AF4AEB56C_0000000966.tif,184
BRN3C2AF4AEB56C_0000000967.tif,185
BRN3C2AF4AEB56C_0000001034.tif,186
BRN3C2AF4AEB56C_0000001067.tif,187
BRN3C2AF4AEB56C_0000001115.tif,188
BRN3C2AF4AEB56C_0000000659.tif,189
BRN3C2AF4AEB56C_0000000436.tif,19
BRN3C2AF4AEB56C_0000000437.tif,19
BRN3C2AF4AEB56C_0000000438.tif,19
BRN3C2AF4AEB56C_0000000439.tif,19
BRN3C2AF4AEB56C_0000000440.tif,19
BRN3C2AF4AEB56C_0000000446.tif,19
BRN3C2AF4AEB56C_0000000449.tif,19
BRN3C2AF4AEB56C_0000000450.tif,19
BRN3C2AF4AEB56C_0000000451.tif,19
BRN3C2AF4AEB56C_0000000453.tif,19
BRN3C2AF4AEB56C_0000001042.tif,190
BRN3C2AF4AEB56C_0000001106.tif,191
BRN3C2AF4AEB56C_0000001137.tif,192
BRN3C2AF4AEB56C_0000000660.tif,193
BRN3C2AF4AEB56C_0000000662.tif,194
BRN3C2AF4AEB56C_0000000666.tif,195
BRN3C2AF4AEB56C_0000000681.tif,195
BRN3C2AF4AEB56C_0000000620.tif,196
BRN3C2AF4AEB56C_0000000621.tif,196
BRN3C2AF4AEB56C_0000000622.tif,196
BRN3C2AF4AEB56C_0000000629.tif,197
BRN3C2AF4AEB56C_0000000638.tif,198
BRN3C2AF4AEB56C_0000000653.tif,198
BRN3C2AF4AEB56C_0000000563.tif,199
BRN3C2AF4AEB56C_0000000564.tif,199
BRN3C2AF4AEB56C_0000000565.tif,199
BRN3C2AF4AEB56C_0000000955.tif,2
BRN3C2AF4AEB56C_0000000527.tif,20
BRN3C2AF4AEB56C_0000000643.tif,200
BRN3C2AF4AEB56C_0000000651.tif,200
BRN3C2AF4AEB56C_0000000654.tif,200
BRN3C2AF4AEB56C_0000000656.tif,200
BRN3C2AF4AEB56C_0000000678.tif,200
BRN3C2AF4AEB56C_0000001074.tif,201
BRN3C2AF4AEB56C_0000000646.tif,202
BRN3C2AF4AEB56C_0000000658.tif,203
BRN3C2AF4AEB56C_0000000694.tif,203
BRN3C2AF4AEB56C_0000000701.tif,203
BRN3C2AF4AEB56C_0000000702.tif,203
BRN3C2AF4AEB56C_0000000759.tif,203
BRN3C2AF4AEB56C_0000000775.tif,203
BRN3C2AF4AEB56C_0000000776.tif,203
BRN3C2AF4AEB56C_0000000777.tif,203
BRN3C2AF4AEB56C_0000000778.tif,203
BRN3C2AF4AEB56C_0000000803.tif,203
BRN3C2AF4AEB56C_0000000805.tif,203
BRN3C2AF4AEB56C_0000000807.tif,203
BRN3C2AF4AEB56C_0000000809.tif,203
BRN3C2AF4AEB56C_0000000832.tif,203
BRN3C2AF4AEB56C_0000000661.tif,204
BRN3C2AF4AEB56C_0000000704.tif,204
BRN3C2AF4AEB56C_0000000709.tif,204
BRN3C2AF4AEB56C_0000000723.tif,204
BRN3C2AF4AEB56C_0000000724.tif,204
BRN3C2AF4AEB56C_0000000760.tif,204
BRN3C2AF4AEB56C_0000000773.tif,204
BRN3C2AF4AEB56C_0000000774.tif,204
BRN3C2AF4AEB56C_0000000792.tif,204
BRN3C2AF4AEB56C_0000000793.tif,204
BRN3C2AF4AEB56C_0000000817.tif,204
BRN3C2AF4AEB56C_0000000818.tif,204
BRN3C2AF4AEB56C_0000000835.tif,204
BRN3C2AF4AEB56C_0000000836.tif,204
BRN3C2AF4AEB56C_0000000688.tif,205
BRN3C2AF4AEB56C_0000000703.tif,205
BRN3C2AF4AEB56C_0000000710.tif,205
BRN3C2AF4AEB56C_0000000796.tif,205
BRN3C2AF4AEB56C_0000000808.tif,205
BRN3C2AF4AEB56C_0000000814.tif,205
BRN3C2AF4AEB56C_0000001090.tif,206
BRN3C2AF4AEB56C_0000000788.tif,207
BRN3C2AF4AEB56C_0000000789.tif,207
BRN3C2AF4AEB56C_0000000806.tif,208
BRN3C2AF4AEB56C_0000001024.tif,208
BRN3C2AF4AEB56C_0000000902.tif,209
BRN3C2AF4AEB56C_0000000529.tif,21
BRN3C2AF4AEB56C_0000000906.tif,210
BRN3C2AF4AEB56C_0000000946.tif,211
BRN3C2AF4AEB56C_0000000997.tif,211
BRN3C2AF4AEB56C_0000001102.tif,212
BRN3C2AF4AEB56C_0000000390.tif,213
BRN3C2AF4AEB56C_0000000391.tif,213
BRN3C2AF4AEB56C_0000000392.tif,213
BRN3C2AF4AEB56C_0000000582.tif,213
BRN3C2AF4AEB56C_0000000583.tif,213
BRN3C2AF4AEB56C_0000000584.tif,213
BRN3C2AF4AEB56C_0000000983.tif,214
BRN3C2AF4AEB56C_0000001100.tif,215
BRN3C2AF4AEB56C_0000000843.tif,216
BRN3C2AF4AEB56C_0000000844.tif,216
BRN3C2AF4AEB56C_0000000845.tif,216
BRN3C2AF4AEB56C_0000000846.tif,216
BRN3C2AF4AEB56C_0000000847.tif,216
BRN3C2AF4AEB56C_0000000848.tif,216
BRN3C2AF4AEB56C_0000000849.tif,216
BRN3C2AF4AEB56C_0000000850.tif,216
BRN3C2AF4AEB56C_0000000990.tif,217
BRN3C2AF4AEB56C_0000000991.tif,218
BRN3C2AF4AEB56C_0000000995.tif,219
BRN3C2AF4AEB56C_0000000532.tif,22
BRN3C2AF4AEB56C_0000000996.tif,220
BRN3C2AF4AEB56C_0000001001.tif,221
BRN3C2AF4AEB56C_0000001094.tif,222
BRN3C2AF4AEB56C_0000000950.tif,223
BRN3C2AF4AEB56C_0000001130.tif,224
BRN3C2AF4AEB56C_0000001005.tif,225
BRN3C2AF4AEB56C_0000001007.tif,226
BRN3C2AF4AEB56C_0000001015.tif,227
BRN3C2AF4AEB56C_0000001028.tif,228
BRN3C2AF4AEB56C_0000001017.tif,229
BRN3C2AF4AEB56C_0000000535.tif,23
BRN3C2AF4AEB56C_0000000393.tif,230
BRN3C2AF4AEB56C_0000001150.tif,231
BRN3C2AF4AEB56C_0000000970.tif,232
BRN3C2AF4AEB56C_0000001168.tif,233
BRN3C2AF4AEB56C_0000000855.tif,234
BRN3C2AF4AEB56C_0000001111.tif,235
BRN3C2AF4AEB56C_0000000667.tif,236
BRN3C2AF4AEB56C_0000000672.tif,236
BRN3C2AF4AEB56C_0000000689.tif,236
BRN3C2AF4AEB56C_0000000692.tif,236
BRN3C2AF4AEB56C_0000000695.tif,236
BRN3C2AF4AEB56C_0000000696.tif,236
BRN3C2AF4AEB56C_0000000699.tif,236
BRN3C2AF4AEB56C_0000000700.tif,236
BRN3C2AF4AEB56C_0000000722.tif,236
BRN3C2AF4AEB56C_0000000732.tif,236
BRN3C2AF4AEB56C_0000000736.tif,236
BRN3C2AF4AEB56C_0000000737.tif,236
BRN3C2AF4AEB56C_0000000739.tif,236
BRN3C2AF4AEB56C_0000000740.tif,236
BRN3C2AF4AEB56C_0000000743.tif,236
BRN3C2AF4AEB56C_0000000745.tif,236
BRN3C2AF4AEB56C_0000000750.tif,236
BRN3C2AF4AEB56C_0000000751.tif,236
BRN3C2AF4AEB56C_0000000754.tif,236
BRN3C2AF4AEB56C_0000000764.tif,236
BRN3C2AF4AEB56C_0000000765.tif,236
BRN3C2AF4AEB56C_0000000766.tif,236
BRN3C2AF4AEB56C_0000000772.tif,236
BRN3C2AF4AEB56C_0000000779.tif,236
BRN3C2AF4AEB56C_0000000780.tif,236
BRN3C2AF4AEB56C_0000000800.tif,236
BRN3C2AF4AEB56C_0000000819.tif,236
BRN3C2AF4AEB56C_0000000820.tif,236
BRN3C2AF4AEB56C_0000000854.tif,236
BRN3C2AF4AEB56C_0000000684.tif,237
BRN3C2AF4AEB56C_0000000725.tif,237
BRN3C2AF4AEB56C_0000000731.tif,237
BRN3C2AF4AEB56C_0000000744.tif,237
BRN3C2AF4AEB56C_0000000747.tif,237
BRN3C2AF4AEB56C_0000000791.tif,237
BRN3C2AF4AEB56C_0000000797.tif,237
BRN3C2AF4AEB56C_0000000798.tif,237
BRN3C2AF4AEB56C_0000000811.tif,237
BRN3C2AF4AEB56C_0000000852.tif,237
BRN3C2AF4AEB56C_0000000693.tif,238
BRN3C2AF4AEB56C_0000000698.tif,238
BRN3C2AF4AEB56C_0000000742.tif,238
BRN3C2AF4AEB56C_0000000746.tif,238
BRN3C2AF4AEB56C_0000000697.tif,239
BRN3C2AF4AEB56C_0000000763.tif,239
BRN3C2AF4AEB56C_0000001172.tif,24
BRN3C2AF4AEB56C_0000000721.tif,240
BRN3C2AF4AEB56C_0000000738.tif,240
BRN3C2AF4AEB56C_0000000790.tif,240
BRN3C2AF4AEB56C_0000001086.tif,240
BRN3C2AF4AEB56C_0000000726.tif,241
BRN3C2AF4AEB56C_0000000741.tif,242
BRN3C2AF4AEB56C_0000000748.tif,243
BRN3C2AF4AEB56C_0000000749.tif,243
BRN3C2AF4AEB56C_0000000441.tif,244
BRN3C2AF4AEB56C_0000000444.tif,244
BRN3C2AF4AEB56C_0000000555.tif,244
BRN3C2AF4AEB56C_0000000556.tif,244
BRN3C2AF4AEB56C_0000000557.tif,244
BRN3C2AF4AEB56C_0000000826.tif,245
BRN3C2AF4AEB56C_0000001132.tif,246
BRN3C2AF4AEB56C_0000000858.tif,247
BRN3C2AF4AEB56C_0000001075.tif,248
BRN3C2AF4AEB56C_0000001079.tif,249
BRN3C2AF4AEB56C_0000000537.tif,25
BRN3C2AF4AEB56C_0000001110.tif,250
BRN3C2AF4AEB56C_0000000863.tif,251
BRN3C2AF4AEB56C_0000000865.tif,252
BRN3C2AF4AEB56C_0000000868.tif,253
BRN3C2AF4AEB56C_0000000878.tif,254
BRN3C2AF4AEB56C_0000000881.tif,255
BRN3C2AF4AEB56C_0000000893.tif,256
BRN3C2AF4AEB56C_0000000896.tif,257
BRN3C2AF4AEB56C_0000001059.tif,257
BRN3C2AF4AEB56C_0000000897.tif,258
BRN3C2AF4AEB56C_0000000911.tif,259
BRN3C2AF4AEB56C_0000000538.tif,26
BRN3C2AF4AEB56C_0000001078.tif,260
BRN3C2AF4AEB56C_0000000857.tif,261
BRN3C2AF4AEB56C_0000001087.tif,261
BRN3C2AF4AEB56C_0000001089.tif,261
BRN3C2AF4AEB56C_0000001107.tif,262
BRN3C2AF4AEB56C_0000000980.tif,263
BRN3C2AF4AEB56C_0000001095.tif,264
BRN3C2AF4AEB56C_0000001032.tif,265
BRN3C2AF4AEB56C_0000001138.tif,266
BRN3C2AF4AEB56C_0000001145.tif,267
BRN3C2AF4AEB56C_0000000929.tif,268
BRN3C2AF4AEB56C_0000000862.tif,269
BRN3C2AF4AEB56C_0000000540.tif,27
BRN3C2AF4AEB56C_0000001171.tif,270
BRN3C2AF4AEB56C_0000001088.tif,271
BRN3C2AF4AEB56C_0000000874.tif,272
BRN3C2AF4AEB56C_0000000884.tif,273
BRN3C2AF4AEB56C_0000000976.tif,274
BRN3C2AF4AEB56C_0000000887.tif,275
BRN3C2AF4AEB56C_0000000890.tif,276
BRN3C2AF4AEB56C_0000001070.tif,277
BRN3C2AF4AEB56C_0000000963.tif,278
BRN3C2AF4AEB56C_0000000932.tif,279
BRN3C2AF4AEB56C_0000001049.tif,28
BRN3C2AF4AEB56C_0000001135.tif,280
BRN3C2AF4AEB56C_0000000972.tif,281
BRN3C2AF4AEB56C_0000000417.tif,282
BRN3C2AF4AEB56C_0000000984.tif,283
BRN3C2AF4AEB56C_0000000859.tif,284
BRN3C2AF4AEB56C_0000001048.tif,285
BRN3C2AF4AEB56C_0000001051.tif,286
BRN3C2AF4AEB56C_0000001085.tif,287
BRN3C2AF4AEB56C_0000000860.tif,288
BRN3C2AF4AEB56C_0000000988.tif,289
BRN3C2AF4AEB56C_0000000627.tif,29
BRN3C2AF4AEB56C_0000000935.tif,290
BRN3C2AF4AEB56C_0000000992.tif,291
BRN3C2AF4AEB56C_0000001144.tif,292
BRN3C2AF4AEB56C_0000001147.tif,293
BRN3C2AF4AEB56C_0000001000.tif,294
BRN3C2AF4AEB56C_0000001002.tif,295
BRN3C2AF4AEB56C_0000001029.tif,296
BRN3C2AF4AEB56C_0000001082.tif,297
BRN3C2AF4AEB56C_0000001084.tif,298
BRN3C2AF4AEB56C_0000001093.tif,299
BRN3C2AF4AEB56C_0000001174.tif,3
BRN3C2AF4AEB56C_0000001126.tif,30
BRN3C2AF4AEB56C_0000001167.tif,300
BRN3C2AF4AEB56C_0000000940.tif,301
BRN3C2AF4AEB56C_0000001175.tif,302
BRN3C2AF4AEB56C_0000001128.tif,303
BRN3C2AF4AEB56C_0000001122.tif,304
BRN3C2AF4AEB56C_0000001096.tif,305
BRN3C2AF4AEB56C_0000000420.tif,306
BRN3C2AF4AEB56C_0000001140.tif,307
BRN3C2AF4AEB56C_0000000864.tif,308
BRN3C2AF4AEB56C_0000000882.tif,309
BRN3C2AF4AEB56C_0000000416.tif,31
BRN3C2AF4AEB56C_0000000886.tif,310
BRN3C2AF4AEB56C_0000000891.tif,311
BRN3C2AF4AEB56C_0000000541.tif,312
BRN3C2AF4AEB56C_0000000566.tif,312
BRN3C2AF4AEB56C_0000000567.tif,312
BRN3C2AF4AEB56C_0000000568.tif,312
BRN3C2AF4AEB56C_0000000569.tif,312
BRN3C2AF4AEB56C_0000000982.tif,313
BRN3C2AF4AEB56C_0000000815.tif,314
BRN3C2AF4AEB56C_0000000964.tif,315
BRN3C2AF4AEB56C_0000001170.tif,316
BRN3C2AF4AEB56C_0000000816.tif,317
BRN3C2AF4AEB56C_0000000867.tif,318
BRN3C2AF4AEB56C_0000001009.tif,319
BRN3C2AF4AEB56C_0000000482.tif,32
BRN3C2AF4AEB56C_0000000483.tif,32
BRN3C2AF4AEB56C_0000000484.tif,32
BRN3C2AF4AEB56C_0000000485.tif,32
BRN3C2AF4AEB56C_0000001146.tif,320
BRN3C2AF4AEB56C_0000001092.tif,321
BRN3C2AF4AEB56C_0000001160.tif,322
BRN3C2AF4AEB56C_0000001061.tif,323
BRN3C2AF4AEB56C_0000000871.tif,324
BRN3C2AF4AEB56C_0000000869.tif,325
BRN3C2AF4AEB56C_0000001036.tif,326
BRN3C2AF4AEB56C_0000000558.tif,327
BRN3C2AF4AEB56C_0000000953.tif,328
BRN3C2AF4AEB56C_0000000870.tif,329
BRN3C2AF4AEB56C_0000000418.tif,33
BRN3C2AF4AEB56C_0000000889.tif,330
BRN3C2AF4AEB56C_0000000959.tif,331
BRN3C2AF4AEB56C_0000000872.tif,332
BRN3C2AF4AEB56C_0000000954.tif,333
BRN3C2AF4AEB56C_0000001097.tif,334
BRN3C2AF4AEB56C_0000000905.tif,335
BRN3C2AF4AEB56C_0000000973.tif,336
BRN3C2AF4AEB56C_0000000875.tif,337
BRN3C2AF4AEB56C_0000000971.tif,338
BRN3C2AF4AEB56C_0000001099.tif,339
BRN3C2AF4AEB56C_0000000456.tif,34
BRN3C2AF4AEB56C_0000000457.tif,34
BRN3C2AF4AEB56C_0000000458.tif,34
BRN3C2AF4AEB56C_0000001149.tif,340
BRN3C2AF4AEB56C_0000000880.tif,341
BRN3C2AF4AEB56C_0000001177.tif,342
BRN3C2AF4AEB56C_0000000900.tif,343
BRN3C2AF4AEB56C_0000000894.tif,344
BRN3C2AF4AEB56C_0000000951.tif,344
BRN3C2AF4AEB56C_0000000968.tif,345
BRN3C2AF4AEB56C_0000001154.tif,346
BRN3C2AF4AEB56C_0000000969.tif,347
BRN3C2AF4AEB56C_0000001166.tif,348
BRN3C2AF4AEB56C_0000001004.tif,349
BRN3C2AF4AEB56C_0000000956.tif,35
BRN3C2AF4AEB56C_0000001055.tif,35
BRN3C2AF4AEB56C_0000001104.tif,350
BRN3C2AF4AEB56C_0000000989.tif,351
BRN3C2AF4AEB56C_0000001114.tif,352
BRN3C2AF4AEB56C_0000001064.tif,353
BRN3C2AF4AEB56C_0000001073.tif,354
BRN3C2AF4AEB56C_0000001109.tif,355
BRN3C2AF4AEB56C_0000000901.tif,356
BRN3C2AF4AEB56C_0000000914.tif,357
BRN3C2AF4AEB56C_0000000916.tif,358
BRN3C2AF4AEB56C_0000000888.tif,359
BRN3C2AF4AEB56C_0000000421.tif,36
BRN3C2AF4AEB56C_0000000917.tif,360
BRN3C2AF4AEB56C_0000001165.tif,361
BRN3C2AF4AEB56C_0000001176.tif,362
BRN3C2AF4AEB56C_0000001148.tif,363
BRN3C2AF4AEB56C_0000000942.tif,364
BRN3C2AF4AEB56C_0000000909.tif,365
BRN3C2AF4AEB56C_0000001003.tif,366
BRN3C2AF4AEB56C_0000001155.tif,367
BRN3C2AF4AEB56C_0000001169.tif,368
BRN3C2AF4AEB56C_0000000923.tif,369
BRN3C2AF4AEB56C_0000000478.tif,37
BRN3C2AF4AEB56C_0000000479.tif,37
BRN3C2AF4AEB56C_0000000480.tif,37
BRN3C2AF4AEB56C_0000000481.tif,37
BRN3C2AF4AEB56C_0000001077.tif,370
BRN3C2AF4AEB56C_0000000986.tif,371
BRN3C2AF4AEB56C_0000001026.tif,372
BRN3C2AF4AEB56C_0000001027.tif,373
BRN3C2AF4AEB56C_0000001152.tif,374
BRN3C2AF4AEB56C_0000000948.tif,375
BRN3C2AF4AEB56C_0000001153.tif,376
BRN3C2AF4AEB56C_0000000949.tif,377
BRN3C2AF4AEB56C_0000000952.tif,378
BRN3C2AF4AEB56C_0000000960.tif,379
BRN3C2AF4AEB56C_0000000502.tif,38
BRN3C2AF4AEB56C_0000000503.tif,38
BRN3C2AF4AEB56C_0000000504.tif,38
BRN3C2AF4AEB56C_0000000505.tif,38
BRN3C2AF4AEB56C_0000000506.tif,38
BRN3C2AF4AEB56C_0000000961.tif,380
BRN3C2AF4AEB56C_0000001108.tif,381
BRN3C2AF4AEB56C_0000000962.tif,382
BRN3C2AF4AEB56C_0000001037.tif,383
BRN3C2AF4AEB56C_0000001039.tif,384
BRN3C2AF4AEB56C_0000001045.tif,385
BRN3C2AF4AEB56C_0000001060.tif,386
BRN3C2AF4AEB56C_0000000910.tif,387
BRN3C2AF4AEB56C_0000000985.tif,388
BRN3C2AF4AEB56C_0000001081.tif,389
BRN3C2AF4AEB56C_0000000507.tif,39
BRN3C2AF4AEB56C_0000000508.tif,39
BRN3C2AF4AEB56C_0000000509.tif,39
BRN3C2AF4AEB56C_0000000912.tif,390
BRN3C2AF4AEB56C_0000001101.tif,391
BRN3C2AF4AEB56C_0000000999.tif,392
BRN3C2AF4AEB56C_0000001012.tif,393
BRN3C2AF4AEB56C_0000001163.tif,394
BRN3C2AF4AEB56C_0000001139.tif,395
BRN3C2AF4AEB56C_0000000945.tif,396
BRN3C2AF4AEB56C_0000001123.tif,397
BRN3C2AF4AEB56C_0000001124.tif,398
BRN3C2AF4AEB56C_0000000013.tif,399
BRN3C2AF4AEB56C_0000000014.tif,399
BRN3C2AF4AEB56C_0000000015.tif,399
BRN3C2AF4AEB56C_0000001178.tif,4
BRN3C2AF4AEB56C_0000000424.tif,40
BRN3C2AF4AEB56C_0000000028.tif,400
BRN3C2AF4AEB56C_0000000029.tif,400
BRN3C2AF4AEB56C_0000000030.tif,400
BRN3C2AF4AEB56C_0000000031.tif,400
BRN3C2AF4AEB56C_0000000032.tif,400
BRN3C2AF4AEB56C_0000000033.tif,400
BRN3C2AF4AEB56C_0000000034.tif,400
BRN3C2AF4AEB56C_0000000035.tif,400
BRN3C2AF4AEB56C_0000000036.tif,400
BRN3C2AF4AEB56C_0000000037.tif,400
BRN3C2AF4AEB56C_0000000038.tif,400
BRN3C2AF4AEB56C_0000000039.tif,400
BRN3C2AF4AEB56C_0000000040.tif,400
BRN3C2AF4AEB56C_0000000041.tif,400
BRN3C2AF4AEB56C_0000000042.tif,400
BRN3C2AF4AEB56C_0000000043.tif,400
BRN3C2AF4AEB56C_0000000044.tif,400
BRN3C2AF4AEB56C_0000000045.tif,400
BRN3C2AF4AEB56C_0000000046.tif,400
BRN3C2AF4AEB56C_0000000047.tif,400
BRN3C2AF4AEB56C_0000000048.tif,400
BRN3C2AF4AEB56C_0000000049.tif,400
BRN3C2AF4AEB56C_0000000050.tif,400
BRN3C2AF4AEB56C_0000000051.tif,400
BRN3C2AF4AEB56C_0000000052.tif,400
BRN3C2AF4AEB56C_0000000053.tif,400
BRN3C2AF4AEB56C_0000000054.tif,400
BRN3C2AF4AEB56C_0000000055.tif,400
BRN3C2AF4AEB56C_0000000056.tif,400
BRN3C2AF4AEB56C_0000000057.tif,400
BRN3C2AF4AEB56C_0000000058.tif,400
BRN3C2AF4AEB56C_0000000059.tif,400
BRN3C2AF4AEB56C_0000000060.tif,400
BRN3C2AF4AEB56C_0000000061.tif,400
BRN3C2AF4AEB56C_0000000062.tif,400
BRN3C2AF4AEB56C_0000000063.tif,400
BRN3C2AF4AEB56C_0000000064.tif,400
BRN3C2AF4AEB56C_0000000065.tif,400
BRN3C2AF4AEB56C_0000000066.tif,400
BRN3C2AF4AEB56C_0000000067.tif,400
BRN3C2AF4AEB56C_0000000423.tif,401
BRN3C2AF4AEB56C_0000000068.tif,402
BRN3C2AF4AEB56C_0000000069.tif,402
BRN3C2AF4AEB56C_0000000070.tif,402
BRN3C2AF4AEB56C_0000000071.tif,402
BRN3C2AF4AEB56C_0000000072.tif,402
BRN3C2AF4AEB56C_0000000073.tif,402
BRN3C2AF4AEB56C_0000000074.tif,402
BRN3C2AF4AEB56C_0000000075.tif,402
BRN3C2AF4AEB56C_0000000076.tif,402
BRN3C2AF4AEB56C_0000000077.tif,402
BRN3C2AF4AEB56C_0000000078.tif,402
BRN3C2AF4AEB56C_0000000079.tif,402
BRN3C2AF4AEB56C_0000000080.tif,402
BRN3C2AF4AEB56C_0000000081.tif,402
BRN3C2AF4AEB56C_0000000082.tif,402
BRN3C2AF4AEB56C_0000000083.tif,402
BRN3C2AF4AEB56C_0000000084.tif,402
BRN3C2AF4AEB56C_0000000085.tif,402
BRN3C2AF4AEB56C_0000001014.tif,403
BRN3C2AF4AEB56C_0000000401.tif,404
BRN3C2AF4AEB56C_0000000402.tif,404
BRN3C2AF4AEB56C_0000000459.tif,404
BRN3C2AF4AEB56C_0000000861.tif,405
BRN3C2AF4AEB56C_0000000403.tif,406
BRN3C2AF4AEB56C_0000000404.tif,406
BRN3C2AF4AEB56C_0000000920.tif,407
BRN3C2AF4AEB56C_0000000979.tif,408
BRN3C2AF4AEB56C_0000001023.tif,409
BRN3C2AF4AEB56C_0000000422.tif,41
BRN3C2AF4AEB56C_0000001157.tif,410
BRN3C2AF4AEB56C_0000001158.tif,411
BRN3C2AF4AEB56C_0000001159.tif,412
BRN3C2AF4AEB56C_0000001161.tif,413
CCF_000002.tif,414
CCF_000003.tif,414
CCF_000004.tif,414
CCF_000011.tif,414
CCF_000012.tif,414
CCF_000013.tif,414
CCF_000005.tif,415
CCF_000006.tif,415
CCF_000007.tif,415
CCF_000008.tif,416
CCF_000009.tif,416
CCF_000010.tif,416
CCF_000014.tif,417
CCF_000015.tif,417
CCF_000016.tif,417
CCF_000017.tif,417
CCF_000018.tif,418
CCF_000019.tif,418
CCF_000020.tif,418
CCF_000021.tif,419
CCF_000022.tif,419
CCF_000023.tif,419
CCF_000024.tif,419
CCF_000025.tif,419
CCF_000026.tif,419
BRN3C2AF4AEB56C_0000000426.tif,42
BRN3C2AF4AEB56C_0000000427.tif,42
BRN3C2AF4AEB56C_0000000428.tif,42
BRN3C2AF4AEB56C_0000000429.tif,42
BRN3C2AF4AEB56C_0000000430.tif,42
CCF_000027.tif,420
CCF_000028.tif,421
CCF_000031.tif,422
CCF_000032.tif,422
CCF_000030.tif,423
CCF_000036.tif,423
CCF_000037.tif,424
CCF_000038.tif,425
CCF_000039.tif,426
CCF_000043.tif,427
CCF_000044.tif,428
CCF_000045.tif,429
BRN3C2AF4AEB56C_0000000425.tif,43
CCF_000046.tif,430
CCF_000047.tif,431
CCF_000050.tif,432
CCF_000052.tif,433
CCF_000054.tif,434
CCF_000057.tif,435
CCF_000059.tif,436
CCF_000033.tif,437
CCF_000034.tif,437
CCF_000040.tif,438
CCF_000060.tif,439
CCF_000061.tif,439
CCF_000062.tif,439
BRN3C2AF4AEB56C_0000000462.tif,44
BRN3C2AF4AEB56C_0000000463.tif,44
BRN3C2AF4AEB56C_0000000464.tif,44
BRN3C2AF4AEB56C_0000000465.tif,44
BRN3C2AF4AEB56C_0000000466.tif,44
BRN3C2AF4AEB56C_0000000467.tif,44
BRN3C2AF4AEB56C_0000000468.tif,44
BRN3C2AF4AEB56C_0000000469.tif,44
CCF_000048.tif,440
CCF_000051.tif,441
CCF_000055.tif,442
CCF_000056.tif,443
CCF_000029.tif,444
CCF_000035.tif,445
CCF_000053.tif,446
CCF_000058.tif,447
CCF_000042.tif,448
CCF_000063.tif,449
BRN3C2AF4AEB56C_0000000474.tif,45
BRN3C2AF4AEB56C_0000000475.tif,45
BRN3C2AF4AEB56C_0000000476.tif,45
BRN3C2AF4AEB56C_0000000477.tif,45
CCF_000041.tif,450
BRN3C2AF4AEB56C_0000000958.tif,46
BRN3C2AF4AEB56C_0000000498.tif,47
BRN3C2AF4AEB56C_0000000499.tif,47
BRN3C2AF4AEB56C_0000000500.tif,47
BRN3C2AF4AEB56C_0000000501.tif,47
BRN3C2AF4AEB56C_0000000510.tif,48
BRN3C2AF4AEB56C_0000000511.tif,48
BRN3C2AF4AEB56C_0000000512.tif,48
BRN3C2AF4AEB56C_0000000513.tif,48
BRN3C2AF4AEB56C_0000000514.tif,49
BRN3C2AF4AEB56C_0000000515.tif,49
BRN3C2AF4AEB56C_0000000486.tif,5
BRN3C2AF4AEB56C_0000000487.tif,5
BRN3C2AF4AEB56C_0000000488.tif,5
BRN3C2AF4AEB56C_0000000489.tif,5
BRN3C2AF4AEB56C_0000000434.tif,50
BRN3C2AF4AEB56C_0000000435.tif,50
BRN3C2AF4AEB56C_0000000442.tif,50
BRN3C2AF4AEB56C_0000000516.tif,51
BRN3C2AF4AEB56C_0000000518.tif,51
BRN3C2AF4AEB56C_0000000519.tif,52
BRN3C2AF4AEB56C_0000000520.tif,52
BRN3C2AF4AEB56C_0000000531.tif,53
BRN3C2AF4AEB56C_0000000542.tif,54
BRN3C2AF4AEB56C_0000000543.tif,54
BRN3C2AF4AEB56C_0000000544.tif,54
BRN3C2AF4AEB56C_0000000545.tif,54
BRN3C2AF4AEB56C_0000000641.tif,55
BRN3C2AF4AEB56C_0000000671.tif,55
BRN3C2AF4AEB56C_0000000677.tif,55
BRN3C2AF4AEB56C_0000000794.tif,55
BRN3C2AF4AEB56C_0000000821.tif,55
BRN3C2AF4AEB56C_0000000686.tif,56
BRN3C2AF4AEB56C_0000000974.tif,57
BRN3C2AF4AEB56C_0000000804.tif,58
BRN3C2AF4AEB56C_0000001156.tif,59
BRN3C2AF4AEB56C_0000000626.tif,6
BRN3C2AF4AEB56C_0000000546.tif,60
BRN3C2AF4AEB56C_0000000547.tif,60
BRN3C2AF4AEB56C_0000000548.tif,60
BRN3C2AF4AEB56C_0000000549.tif,60
BRN3C2AF4AEB56C_0000000431.tif,61
BRN3C2AF4AEB56C_0000000432.tif,61
BRN3C2AF4AEB56C_0000000433.tif,61
BRN3C2AF4AEB56C_0000000445.tif,62
BRN3C2AF4AEB56C_0000001040.tif,63
BRN3C2AF4AEB56C_0000001129.tif,64
BRN3C2AF4AEB56C_0000000936.tif,65
BRN3C2AF4AEB56C_0000001117.tif,66
BRN3C2AF4AEB56C_0000000939.tif,67
BRN3C2AF4AEB56C_0000001038.tif,68
BRN3C2AF4AEB56C_0000000934.tif,69
BRN3C2AF4AEB56C_0000000922.tif,7
BRN3C2AF4AEB56C_0000000941.tif,70
BRN3C2AF4AEB56C_0000001053.tif,71
BRN3C2AF4AEB56C_0000001056.tif,72
BRN3C2AF4AEB56C_0000001065.tif,73
BRN3C2AF4AEB56C_0000001066.tif,74
BRN3C2AF4AEB56C_0000001072.tif,75
BRN3C2AF4AEB56C_0000001112.tif,76
BRN3C2AF4AEB56C_0000001103.tif,77
BRN3C2AF4AEB56C_0000000447.tif,78
BRN3C2AF4AEB56C_0000000448.tif,78
BRN3C2AF4AEB56C_0000000454.tif,78
BRN3C2AF4AEB56C_0000000455.tif,78
BRN3C2AF4AEB56C_0000000570.tif,78
BRN3C2AF4AEB56C_0000000571.tif,78
BRN3C2AF4AEB56C_0000000572.tif,78
BRN3C2AF4AEB56C_0000001043.tif,79
BRN3C2AF4AEB56C_0000000405.tif,8
BRN3C2AF4AEB56C_0000000550.tif,80
BRN3C2AF4AEB56C_0000000551.tif,80
BRN3C2AF4AEB56C_0000000552.tif,80
BRN3C2AF4AEB56C_0000001113.tif,81
BRN3C2AF4AEB56C_0000001120.tif,82
BRN3C2AF4AEB56C_0000000614.tif,83
BRN3C2AF4AEB56C_0000000615.tif,83
BRN3C2AF4AEB56C_0000000616.tif,83
BRN3C2AF4AEB56C_0000001076.tif,84
BRN3C2AF4AEB56C_0000000553.tif,85
BRN3C2AF4AEB56C_0000000573.tif,86
BRN3C2AF4AEB56C_0000000574.tif,86
BRN3C2AF4AEB56C_0000000575.tif,86
BRN3C2AF4AEB56C_0000000576.tif,86
BRN3C2AF4AEB56C_0000000617.tif,87
BRN3C2AF4AEB56C_0000000618.tif,87
BRN3C2AF4AEB56C_0000000619.tif,87
BRN3C2AF4AEB56C_0000000623.tif,88
BRN3C2AF4AEB56C_0000000624.tif,88
BRN3C2AF4AEB56C_0000000625.tif,88
BRN3C2AF4AEB56C_0000000628.tif,89
BRN3C2AF4AEB56C_0000000925.tif,9
BRN3C2AF4AEB56C_0000001131.tif,90
BRN3C2AF4AEB56C_0000000957.tif,91
BRN3C2AF4AEB56C_0000001041.tif,92
BRN3C2AF4AEB56C_0000000975.tif,93
BRN3C2AF4AEB56C_0000000977.tif,94
BRN3C2AF4AEB56C_0000000630.tif,95
BRN3C2AF4AEB56C_0000000639.tif,96
BRN3C2AF4AEB56C_0000000640.tif,96
BRN3C2AF4AEB56C_0000000642.tif,96
BRN3C2AF4AEB56C_0000000674.tif,96
BRN3C2AF4AEB56C_0000000675.tif,96
BRN3C2AF4AEB56C_0000000676.tif,96
BRN3C2AF4AEB56C_0000000851.tif,96
BRN3C2AF4AEB56C_0000000664.tif,97
BRN3C2AF4AEB56C_0000000711.tif,97
BRN3C2AF4AEB56C_0000000715.tif,97
BRN3C2AF4AEB56C_0000000718.tif,97
BRN3C2AF4AEB56C_0000000728.tif,97
BRN3C2AF4AEB56C_0000000729.tif,97
BRN3C2AF4AEB56C_0000000730.tif,97
BRN3C2AF4AEB56C_0000000756.tif,97
BRN3C2AF4AEB56C_0000000771.tif,97
BRN3C2AF4AEB56C_0000000781.tif,97
BRN3C2AF4AEB56C_0000000782.tif,97
BRN3C2AF4AEB56C_0000000783.tif,97
BRN3C2AF4AEB56C_0000000784.tif,97
BRN3C2AF4AEB56C_0000000795.tif,97
BRN3C2AF4AEB56C_0000000801.tif,97
BRN3C2AF4AEB56C_0000000812.tif,97
BRN3C2AF4AEB56C_0000000813.tif,97
BRN3C2AF4AEB56C_0000000822.tif,97
BRN3C2AF4AEB56C_0000000823.tif,97
BRN3C2AF4AEB56C_0000000827.tif,97
BRN3C2AF4AEB56C_0000000828.tif,97
BRN3C2AF4AEB56C_0000000831.tif,97
BRN3C2AF4AEB56C_0000000690.tif,98
BRN3C2AF4AEB56C_0000000691.tif,98
BRN3C2AF4AEB56C_0000000707.tif,98
BRN3C2AF4AEB56C_0000000708.tif,98
BRN3C2AF4AEB56C_0000000717.tif,98
BRN3C2AF4AEB56C_0000000720.tif,98
BRN3C2AF4AEB56C_0000000727.tif,98
BRN3C2AF4AEB56C_0000000734.tif,98
BRN3C2AF4AEB56C_0000000755.tif,98
BRN3C2AF4AEB56C_0000000757.tif,98
BRN3C2AF4AEB56C_0000000758.tif,98
BRN3C2AF4AEB56C_0000000768.tif,98
BRN3C2AF4AEB56C_0000000769.tif,98
BRN3C2AF4AEB56C_0000000770.tif,98
BRN3C2AF4AEB56C_0000000810.tif,98
BRN3C2AF4AEB56C_0000000824.tif,98
BRN3C2AF4AEB56C_0000000833.tif,98
BRN3C2AF4AEB56C_0000000834.tif,98
BRN3C2AF4AEB56C_0000000712.tif,99
BRN3C2AF4AEB56C_0000001006.tif,99
